title,author,first_pub_year,pages,edition_count,language,query_subject,source
The Iron Heel,Jack London,1907,287,597,eng,fiction,openlibrary_api
Brood of the Witch-Queen,Sax Rohmer,1924,206,194,eng,fiction,openlibrary_api
The Narrative of Arthur Gordon Pym,Edgar Allan Poe,1838,203,392,heb,fiction,openlibrary_api
The Napoleon of Notting Hill,Gilbert Keith Chesterton,1904,160,454,ita,fiction,openlibrary_api
Emily of New Moon,Lucy Maud Montgomery,1923,339,445,nor,fiction,openlibrary_api
The Vampyre,John William Polidori,1819,55,149,ita,fiction,openlibrary_api
The Sea Fairies,L. Frank Baum,1911,130,528,eng,fiction,openlibrary_api
The Enchanted Castle,Edith Nesbit,1907,186,478,eng,fiction,openlibrary_api
Pollyanna,"Eleanor Hodgman Porter, Porter",1912,194,552,eng,fiction,openlibrary_api
Игрокъ,Фёдор Михайлович Достоевский,1866,166,412,ita,fiction,openlibrary_api
Anne of the Island,Lucy Maud Montgomery,1915,232,781,swe,fiction,openlibrary_api
Lilith,George MacDonald,1895,270,480,eng,fiction,openlibrary_api
Le roman du masque de fer,Alexandre Dumas,1600,485,279,spa,fiction,openlibrary_api
Anthem,Ayn Rand,1936,98,103,eng,fiction,openlibrary_api
Tarzan of the Apes,Edgar Rice Burroughs,1912,286,226,eng,fiction,openlibrary_api
The Road to Oz,L. Frank Baum,1909,139,533,spa,fiction,openlibrary_api
The Canterville Ghost,Oscar Wilde,1887,93,138,alb,fiction,openlibrary_api
The food of the gods and how it came to earth,H. G. Wells,1900,300,194,por,fiction,openlibrary_api
Martin Eden,Jack London,1908,411,168,fin,fiction,openlibrary_api
The Last Man,Mary Shelley,1826,411,430,eng,fiction,openlibrary_api
Anne of Windy Poplars,Lucy Maud Montgomery,1936,258,310,chi,fiction,openlibrary_api
The blue castle,Lucy Maud Montgomery,1926,257,294,fre,fiction,openlibrary_api
Phantastes,George MacDonald,1850,196,472,por,fiction,openlibrary_api
Just So Stories,Rudyard Kipling,1922,113,245,eng,fiction,openlibrary_api
A Modern Utopia,H. G. Wells,1900,320,102,dut,fiction,openlibrary_api
The Complete Life and Adventures of Santa Claus,L. Frank Baum,1902,98,560,eng,fiction,openlibrary_api
The King in Yellow,Robert W. Chambers,1895,228,479,ger,fiction,openlibrary_api
Jo's Boys,"Louisa May Alcott, Success Oceo",1886,328,597,und,fiction,openlibrary_api
Herland,"Charlotte Perkins Gilman, Alex Goody",1915,152,627,tur,fiction,openlibrary_api
Of Human Bondage,William Somerset Maugham,1915,589,407,jpn,fiction,openlibrary_api
The Power of Darkness,Edith Nesbit,2006,29,125,eng,fiction,openlibrary_api
Carmilla,Sheridan Le Fanu,1871,90,571,eng,fiction,openlibrary_api
Dorothy and the Wizard in Oz,L. Frank Baum,1908,134,622,pol,fiction,openlibrary_api
The Phoenix and the Carpet,Edith Nesbit,1903,174,438,ger,fiction,openlibrary_api
The Mystery of the Blue Train,Agatha Christie,1928,257,124,rus,fiction,openlibrary_api
Kim,Rudyard Kipling,1901,286,934,pol,fiction,openlibrary_api
Daddy-Long-Legs,Jean Webster,1912,196,299,per,fiction,openlibrary_api
The Man in the Brown Suit,Agatha Christie,1924,225,201,eng,fiction,openlibrary_api
"Under the Greenwood Tree or, The Mellstock quire",Thomas Hardy,1872,221,425,spa,fiction,openlibrary_api
A Little Princess,Frances Hodgson Burnett,1905,224,305,spa,fiction,openlibrary_api
A Princess of Mars,Edgar Rice Burroughs,1917,183,206,rus,fiction,openlibrary_api
On the Beach,Nevil Shute,1957,292,119,heb,fiction,openlibrary_api
Howards End,E. M. Forster,1910,342,498,chi,fiction,openlibrary_api
The Black Cat,Edgar Allan Poe,1914,32,122,chi,fiction,openlibrary_api
The Jewel of Seven Stars,Bram Stoker,1902,228,653,eng,fiction,openlibrary_api
Shirley,Charlotte Brontë,1800,600,536,und,fiction,openlibrary_api
Мастер и Маргарита,Михаил Афанасьевич Булгаков,1966,439,234,eng,fiction,openlibrary_api
An American Tragedy,Theodore Dreiser,1900,784,210,ukr,fiction,openlibrary_api
The Story of the Amulet,Edith Nesbit,1905,203,578,fre,fiction,openlibrary_api
Sult,Knut Hamsun,1890,196,154,nob,fiction,openlibrary_api
Jamaica Inn,Daphne du Maurier,1936,304,100,eng,fiction,openlibrary_api
The World Set Free,"H. G. Wells, Ellen Marriage",1914,240,236,eng,fiction,openlibrary_api
The Book of Dragons,Edith Nesbit,1973,112,706,eng,fiction,openlibrary_api
The Picture of Dorian Gray,Oscar Wilde,1890,246,3012,ita,fiction,openlibrary_api
The Beautiful and Damned,F. Scott Fitzgerald,1920,439,495,eng,fiction,openlibrary_api
She,H. Rider Haggard,1886,282,506,gle,fiction,openlibrary_api
Voyage au Centre de la Terre,Jules Verne,1867,244,205,fre,fiction,openlibrary_api
The First Men in the Moon,H. G. Wells,1900,238,114,eng,fiction,openlibrary_api
The Invisible Man,H. G. Wells,0,170,563,mon,fiction,openlibrary_api
"Momo oder Die seltsame Geschichte von den Zeit-Dieben und von dem Kind, das den Menschen die gestohlene Zeit zurückbrachte",Michael Ende,1973,269,108,ita,fiction,openlibrary_api
Mrs. Dalloway,Virginia Woolf,1925,224,476,hun,fiction,openlibrary_api
The Sun Also Rises,Ernest Hemingway,1926,247,162,por,fiction,openlibrary_api
Der Zauberberg,Thomas Mann,1924,729,188,spa,fiction,openlibrary_api
The Silmarillion,J.R.R. Tolkien,1977,428,149,ita,fiction,openlibrary_api
The Secret of Chimneys,Agatha Christie,1925,257,121,spa,fiction,openlibrary_api
Kidnapped,Robert Louis Stevenson,1886,260,352,per,fiction,openlibrary_api
Eva Luna,Isabel Allende,1987,304,107,spa,fiction,openlibrary_api
Demian,Hermann Hesse,1919,184,176,per,fiction,openlibrary_api
La Peste,Albert Camus,1942,278,280,swe,fiction,openlibrary_api
White Fang,Jack London,1905,237,387,und,fiction,openlibrary_api
The Old Curiosity Shop,Charles Dickens,1800,563,825,heb,fiction,openlibrary_api
The Silver Chair,C. S. Lewis,1953,217,141,pol,fiction,openlibrary_api
The Innocence of Father Brown (Father Brown Mystery),Gilbert Keith Chesterton,1583,208,851,eng,fiction,openlibrary_api
The Riddle of the Sands,Erskine Childers,1903,299,532,eng,fiction,openlibrary_api
Ordeal by Innocence,Agatha Christie,1958,249,104,heb,fiction,openlibrary_api
Le fantôme de l'opéra,Gaston Leroux,1911,276,131,tur,fiction,openlibrary_api
Ivanhoe,Sir Walter Scott,1800,488,480,spa,fiction,openlibrary_api
A Separate Peace,John Knowles,1959,196,103,eng,fiction,openlibrary_api
A Room with a View,E. M. Forster,1905,204,692,eng,fiction,openlibrary_api
It Can't Happen Here,Sinclair Lewis,1935,376,157,rus,fiction,openlibrary_api
A Modern Utopia,H. G. Wells,1900,320,102,und,science,openlibrary_api
On the Beach,Nevil Shute,1957,292,119,rus,science,openlibrary_api
The book of the damned,Charles Fort,1919,314,154,eng,science,openlibrary_api
Dell'Arte della Guerra,Niccolò Machiavelli,1540,218,140,por,science,openlibrary_api
2001,Arthur C. Clarke,1968,236,116,por,science,openlibrary_api
The Martian Chronicles,Ray Bradbury,1950,262,138,por,science,openlibrary_api
The Kybalion,Three Initiates,1912,107,122,eng,science,openlibrary_api
The food of the gods and how it came to earth,H. G. Wells,1900,300,194,eng,science,openlibrary_api
Principles of Political Economy,John Stuart Mill,1848,628,133,eng,science,openlibrary_api
Principles of Anatomy and Physiology,"Gerard J. Tortora, Bryan H. Derrickson",1975,1248,218,ind,science,openlibrary_api
De la terre à la lune,Jules Verne,1865,206,208,spa,science,openlibrary_api
Discours de la méthode,René Descartes,1644,182,163,ita,science,openlibrary_api
Πολιτικά (Politiká),Aristotle,1492,354,224,gre,science,openlibrary_api
The Invisible Man,H. G. Wells,0,170,563,mon,science,openlibrary_api
Dune,Frank Herbert,1965,592,120,gre,science,openlibrary_api
A Princess of Mars,Edgar Rice Burroughs,1917,183,206,rus,science,openlibrary_api
A Brief History of Time,Stephen Hawking,1988,242,119,ita,science,openlibrary_api
R.U.R. and The insect play,"Karel Čapek, Josef Čapek",1920,108,147,cze,science,openlibrary_api
Mutual Aid,Peter Kropotkin,1891,294,151,chi,science,openlibrary_api
The First Men in the Moon,H. G. Wells,1900,238,114,rus,science,openlibrary_api
La conquête du pain,Peter Kropotkin,1892,222,146,yid,science,openlibrary_api
Vom Kriege,Carl von Clausewitz,1835,461,194,und,science,openlibrary_api
The Hitch Hiker's Guide to the Galaxy,Douglas Adams,1979,216,122,cze,science,openlibrary_api
The Prince,Niccolò Machiavelli,1515,156,1407,tam,science,openlibrary_api
Brave New World,Aldous Huxley,1932,241,721,glg,science,openlibrary_api
Ender's Game,Orson Scott Card,1985,330,104,srp,science,openlibrary_api
Du contrat social,Jean-Jacques Rousseau,1762,249,216,eng,science,openlibrary_api
Мы,Евгений Иванович Замятин,1924,224,210,chi,science,openlibrary_api
Common Sense,"Thomas Paine, Thomas Paine",1776,61,171,chi,science,openlibrary_api
The Last Man,Mary Shelley,1826,411,430,ita,science,openlibrary_api
Flatland,Edwin Abbott Abbott,1884,110,585,chi,science,openlibrary_api
The Time Machine,H. G. Wells,1895,120,1146,ita,science,openlibrary_api
Chemistry,"Theodore L. Brown, H. Eugene Lemay",1977,1072,119,eng,science,openlibrary_api
Voyage au Centre de la Terre,Jules Verne,1867,244,205,mac,science,openlibrary_api
The World Set Free,"H. G. Wells, Ellen Marriage",1914,240,236,eng,science,openlibrary_api
Fahrenheit 451,Ray Bradbury,1953,190,261,chi,science,openlibrary_api
Rights of Man,Thomas Paine,1791,178,279,chi,science,openlibrary_api
The Art of War,"孙武, Stephen F. Kaufman",1900,90,1542,chi,science,openlibrary_api
Über die spezielle und die allgemeine Relativitätstheorie,Albert Einstein,1917,165,102,ita,science,openlibrary_api
The Island of Dr. Moreau,H. G. Wells,1896,168,295,chi,science,openlibrary_api
Moralia,Plutarch,1500,301,211,gre,science,openlibrary_api
On the origin of species by means of natural selection,Charles Darwin,1859,502,259,gre,science,openlibrary_api
Anthem,Ayn Rand,1936,98,103,eng,science,openlibrary_api
Vingt mille lieues sous les mers,Jules Verne,1870,324,383,hun,science,openlibrary_api
The War of the Worlds,H. G. Wells,0,206,457,ita,science,openlibrary_api
The Problems of Philosophy,Bertrand Russell,1900,114,288,spa,science,openlibrary_api
Animal Farm,George Orwell,1945,128,650,tam,science,openlibrary_api
Frankenstein or The Modern Prometheus,Mary Shelley,1818,240,2185,chi,science,openlibrary_api
The Jewel of Seven Stars,Bram Stoker,1902,228,653,ger,science,openlibrary_api
Phantastes,George MacDonald,1850,196,472,eng,science,openlibrary_api
A Doll's House,Henrik Ibsen,1889,112,255,eng,science,openlibrary_api
The Iron Heel,Jack London,1907,287,597,chi,science,openlibrary_api
When the Sleeper Awakes,H. G. Wells,1899,278,197,ita,science,openlibrary_api
La Poetica,Aristotle,1479,312,498,ita,science,openlibrary_api
πολιτεία,Πλάτων,1554,397,794,mac,science,openlibrary_api
The Napoleon of Notting Hill,Gilbert Keith Chesterton,1904,160,454,spa,science,openlibrary_api
The Complete Life and Adventures of Santa Claus,L. Frank Baum,1902,98,560,eng,science,openlibrary_api
Charlie and the Great Glass Elevator,Roald Dahl,1972,176,113,jpn,science,openlibrary_api
The Handmaid's Tale,Margaret Atwood,1985,350,164,dan,science,openlibrary_api
Mein Kampf,Adolf Hitler,1922,614,185,ita,science,openlibrary_api
Leviathan,Thomas Hobbes,1651,508,99,dut,science,openlibrary_api
The golden bough,"James George Frazer, Theodor Herzl Gaster",1890,658,371,ita,science,openlibrary_api
Dorothy and the Wizard in Oz,L. Frank Baum,1908,134,622,spa,science,openlibrary_api
Nineteen Eighty-Four,George Orwell,1949,318,534,gre,science,openlibrary_api
Slaughterhouse-Five,Kurt Vonnegut,1968,205,131,ita,science,openlibrary_api
Manifest der Kommunistischen Partei,"Karl Marx, Friedrich Engels",1848,89,459,gre,science,openlibrary_api
NASA/DoD aerospace knowledge diffusion research project,Thomas E. Pinelli,1990,26,101,eng,science,openlibrary_api
A Vindication of Rights of Woman,Mary Wollstonecraft,1792,256,309,eng,science,openlibrary_api
The Subtle Knife,Philip Pullman,1997,350,106,heb,science,openlibrary_api
It Can't Happen Here,Sinclair Lewis,1935,376,157,rus,science,openlibrary_api
The Last Battle,C. S. Lewis,1956,192,106,jpn,science,openlibrary_api
A Clockwork Orange,Anthony Burgess,1962,192,136,ita,science,openlibrary_api
The Silver Chair,C. S. Lewis,1953,217,141,pol,science,openlibrary_api
A Wrinkle in Time,Madeleine L'Engle,1962,211,105,spa,science,openlibrary_api
Genji monogatari,Murasaki Shikibu,1900,302,121,jpn,science,openlibrary_api
Essays,Francis Bacon,1618,282,188,jpn,science,openlibrary_api
History,Herodotus,1494,561,282,gre,science,openlibrary_api
Narrative of the life of Frederick Douglass,Frederick Douglass,1845,127,1032,eng,science,openlibrary_api
Бѣсы,Фёдор Михайлович Достоевский,1871,704,171,rum,science,openlibrary_api
On Liberty,John Stuart Mill,1859,176,465,jpn,science,openlibrary_api
The Story of Philosophy,Will Durant,1926,543,141,urd,history,openlibrary_api
A history of the English-speaking peoples,"Winston S. Churchill, Winston Churchhill",1950,345,211,eng,history,openlibrary_api
The Enduring Vision,Paul S. Boyer,1987,610,110,eng,history,openlibrary_api
La conquête du pain,Peter Kropotkin,1892,222,146,yid,history,openlibrary_api
A Study of History,"Arnold J. Toynbee, D.C Somervell",1900,576,119,und,history,openlibrary_api
History of the Decline and Fall of the Roman Empire Complete and Unabridged,Edward Gibbon,1776,636,222,grc,history,openlibrary_api
The Riddle of the Sands,Erskine Childers,1903,299,532,spa,history,openlibrary_api
A dictionary of the English language,Samuel Johnson,1747,418,104,eng,history,openlibrary_api
Twelve years a slave,Solomon Northup,1853,233,1029,fre,history,openlibrary_api
History,Herodotus,1494,561,282,gre,history,openlibrary_api
Naturalis historia,Pliny the Elder,1469,280,100,grc,history,openlibrary_api
An autobiography,Mohandas Karamchand Gandhi,1927,420,140,spa,history,openlibrary_api
The Second World War,Winston S. Churchill,1948,724,203,spa,history,openlibrary_api
A Room of One's Own,Virginia Woolf,1929,143,303,dut,history,openlibrary_api
Mémoires,Giacomo Casanova,1830,320,104,fre,history,openlibrary_api
The Art of War,"孙武, Stephen F. Kaufman",1900,90,1542,chi,history,openlibrary_api
Εὐθύφρων / Κρίτων / Φαίδων / Ἀπολογία Σωκράτους,Πλάτων,1871,200,126,gre,history,openlibrary_api
Down and Out in Paris and London,George Orwell,1933,224,119,chi,history,openlibrary_api
Homage to Catalonia,George Orwell,1938,246,168,ger,history,openlibrary_api
The Travels of Marco Polo,Marco Polo,1818,376,114,mon,history,openlibrary_api
Manifest der Kommunistischen Partei,"Karl Marx, Friedrich Engels",1848,89,459,gre,history,openlibrary_api
Anne of the Island,Lucy Maud Montgomery,1915,232,781,fin,history,openlibrary_api
Diary,Samuel Pepys,1825,244,166,und,history,openlibrary_api
A Vindication of Rights of Woman,Mary Wollstonecraft,1792,256,309,eng,history,openlibrary_api
Up from Slavery,Booker T. Washington,1900,192,430,urd,history,openlibrary_api
The Innocents Abroad,Mark Twain,1800,444,177,eng,history,openlibrary_api
The blue castle,Lucy Maud Montgomery,1926,257,294,chi,history,openlibrary_api
American notes,"Charles Dickens, Diana C. Archibald",1800,266,233,chi,history,openlibrary_api
Salomé,Oscar Wilde,1893,66,174,cze,history,openlibrary_api
De la démocratie en Amérique,"Alexis de Tocqueville, Gustave de Beaumont",1835,436,421,geo,history,openlibrary_api
The history of the great plague in London in the year 1665,Daniel Defoe,1722,253,318,und,history,openlibrary_api
Notre Dame de Paris,Victor Hugo,1831,436,265,ita,history,openlibrary_api
The Phoenix and the Carpet,Edith Nesbit,1903,174,438,eng,history,openlibrary_api
The Souls of Black Folk,W. E. B. Du Bois,1903,203,412,fre,history,openlibrary_api
Rights of Man,Thomas Paine,1791,178,279,chi,history,openlibrary_api
History of the Peloponnesian War,Thucydides,1526,460,172,ita,history,openlibrary_api
Orthodoxy,Gilbert Keith Chesterton,1874,156,551,spa,history,openlibrary_api
Philosophiae naturalis principia mathematica,Sir Isaac Newton,1687,510,104,lat,history,openlibrary_api
Jude the Obscure,Thomas Hardy,1895,451,425,chi,history,openlibrary_api
Good wives,Louisa May Alcott,1870,320,105,eng,history,openlibrary_api
Meghadūta,Kālidāsa,1813,116,114,ori,history,openlibrary_api
Essay concerning human understanding,John Locke,1689,450,188,fre,history,openlibrary_api
Mein Kampf,Adolf Hitler,1922,614,185,ita,history,openlibrary_api
The Scarlet Pimpernel,Emma Orczy,1900,303,591,spa,history,openlibrary_api
Mere Christianity,C. S. Lewis,1943,191,109,rum,history,openlibrary_api
Ἀπολογία Σωκράτους,Πλάτων,1675,110,232,twi,history,openlibrary_api
Anatomy,"Henry Gray F.R.S., Henry Vandyke Carter",1858,1257,109,eng,history,openlibrary_api
Sonnenfinsternis,Arthur Koestler,1940,254,119,gre,history,openlibrary_api
Narrative of the life of Frederick Douglass,Frederick Douglass,1845,127,1032,eng,history,openlibrary_api
Ivanhoe,Sir Walter Scott,1800,488,480,gle,history,openlibrary_api
Gone With the Wind,Margaret Mitchell,1936,947,244,chi,history,openlibrary_api
A Tale of Two Cities,Charles Dickens,1800,387,2059,fin,history,openlibrary_api
The Jewel of Seven Stars,Bram Stoker,1902,228,653,ger,history,openlibrary_api
The Book Thief,Markus Zusak,1998,559,108,rum,history,openlibrary_api
Poetics,Aristotle,1536,129,252,gre,history,openlibrary_api
The Sun Also Rises,Ernest Hemingway,1926,247,162,por,history,openlibrary_api
Мастер и Маргарита,Михаил Афанасьевич Булгаков,1966,439,234,pol,history,openlibrary_api
Antony and Cleopatra,William Shakespeare,1734,206,949,gre,history,openlibrary_api
Walden,Henry David Thoreau,1854,268,1139,jpn,history,openlibrary_api
La père Goriot,Honoré de Balzac,1800,304,439,und,history,openlibrary_api
Georg Baselitz,"Georg Baselitz, Rainer M. Mason",1970,87,113,ita,history,openlibrary_api
Jenseits von Gut und Böse,Friedrich Nietzsche,1885,178,415,ita,history,openlibrary_api
Mutual Aid,Peter Kropotkin,1891,294,151,chi,history,openlibrary_api
Anne's House of Dreams,Lucy Maud Montgomery,1917,256,822,ger,history,openlibrary_api
Anne of Green Gables,Lucy Maud Montgomery,1908,309,1299,pol,history,openlibrary_api
The Alhambra,Washington Irving,1800,297,459,dut,history,openlibrary_api
The Enchanted Castle,Edith Nesbit,1907,186,478,chi,history,openlibrary_api
Записки изъ подполья,Фёдор Михайлович Достоевский,1864,132,837,chi,history,openlibrary_api
Ab urbe condita,Titus Livius,1481,253,558,cze,history,openlibrary_api
All's Well That Ends Well,William Shakespeare,1734,160,711,ita,history,openlibrary_api
The Prince and the Pauper,Mark Twain,1881,256,755,ita,history,openlibrary_api
At Bertram's Hotel,Agatha Christie,1965,248,114,pol,history,openlibrary_api
The Daughter of Time,Josephine Tey,1951,207,129,und,history,openlibrary_api
Kidnapped,Robert Louis Stevenson,1886,260,352,gle,history,openlibrary_api
King Henry V,William Shakespeare,1600,166,631,hun,history,openlibrary_api
Les Trois Mousquetaires,"Alexandre Dumas, Auguste Maquet",1844,552,1104,gre,history,openlibrary_api
Les confessions,Jean-Jacques Rousseau,1782,606,244,spa,history,openlibrary_api
Common Sense,"Thomas Paine, Thomas Paine",1776,61,171,chi,history,openlibrary_api
The Merchant of Venice,William Shakespeare,1600,147,818,gre,history,openlibrary_api
The Constitution of the United States and related documents,United States,1787,51,146,dut,history,openlibrary_api
The Story of Philosophy,Will Durant,1926,543,141,urd,philosophy,openlibrary_api
The Problems of Philosophy,Bertrand Russell,1900,114,288,spa,philosophy,openlibrary_api
Jenseits von Gut und Böse,Friedrich Nietzsche,1885,178,415,ita,philosophy,openlibrary_api
The guide of the perplexed of Maimonides,Moses Maimonides,1473,414,116,ita,philosophy,openlibrary_api
Ἀπολογία Σωκράτους,Πλάτων,1675,110,232,twi,philosophy,openlibrary_api
Tractatus logico-philosophicus,"Ludwig Wittgenstein, Isidoro Reguera Pérez",1921,166,209,dut,philosophy,openlibrary_api
Discours de la méthode,René Descartes,1644,182,163,ita,philosophy,openlibrary_api
Tao te Ching,老子,1842,124,648,jpn,philosophy,openlibrary_api
The Kybalion,Three Initiates,1912,107,122,eng,philosophy,openlibrary_api
A Study of History,"Arnold J. Toynbee, D.C Somervell",1900,576,119,und,philosophy,openlibrary_api
Principles of Political Economy,John Stuart Mill,1848,628,133,eng,philosophy,openlibrary_api
Der Antichrist,Friedrich Nietzsche,1895,92,384,ita,philosophy,openlibrary_api
Lun yu,Confucius,1750,228,103,jpn,philosophy,openlibrary_api
Sein und Zeit,Martin Heidegger,1927,437,114,jpn,philosophy,openlibrary_api
Also sprach Zarathustra,Friedrich Nietzsche,1883,354,550,gre,philosophy,openlibrary_api
Συμπόσιον,Πλάτων,1559,128,351,gre,philosophy,openlibrary_api
De rerum natura,Titus Lucretius Carus,1486,289,537,gre,philosophy,openlibrary_api
Kritik der reinen Vernunft,Immanuel Kant,1781,613,153,rus,philosophy,openlibrary_api
A Modern Utopia,H. G. Wells,1900,320,102,und,philosophy,openlibrary_api
The Varieties of Religious Experience,"William James, Dr. William James",1817,472,266,eng,philosophy,openlibrary_api
Πολιτικά (Politiká),Aristotle,1492,354,224,gre,philosophy,openlibrary_api
La Poetica,Aristotle,1479,312,498,ita,philosophy,openlibrary_api
Essays,Francis Bacon,1618,282,188,jpn,philosophy,openlibrary_api
Du contrat social,Jean-Jacques Rousseau,1762,249,216,eng,philosophy,openlibrary_api
Meditations,Marcus Aurelius,1626,203,642,gre,philosophy,openlibrary_api
Moralia,Plutarch,1500,301,211,gre,philosophy,openlibrary_api
La Chute,Albert Camus,1917,147,145,dut,philosophy,openlibrary_api
Nicomachean Ethics,Aristotle,1558,329,416,gre,philosophy,openlibrary_api
The Art of Loving,Erich Fromm,1956,138,101,jpn,philosophy,openlibrary_api
Εὐθύφρων / Κρίτων / Φαίδων / Ἀπολογία Σωκράτους,Πλάτων,1871,200,126,gre,philosophy,openlibrary_api
Das Kapital,Karl Marx,1867,579,189,ita,philosophy,openlibrary_api
Pensées,"Blaise Pascal, Philippe Sellier",1670,352,395,chi,philosophy,openlibrary_api
The Book of Tea,"Okakura Kakuzō, Okakura Kakuzō",1900,70,476,jpn,philosophy,openlibrary_api
Summa Theologica,"Thomas Aquinas, Kennedy, Daniel Joseph, 1862-1930",1467,227,277,arm,philosophy,openlibrary_api
Orthodoxy,Gilbert Keith Chesterton,1874,156,551,spa,philosophy,openlibrary_api
The Prince,Niccolò Machiavelli,1515,156,1407,tam,philosophy,openlibrary_api
Siddhartha,Hermann Hesse,1922,140,206,guj,philosophy,openlibrary_api
The master key system in twenty-four parts with questionnaire and glossary,"Charles F. Haanel, Ruth L. Miller",1919,202,135,spa,philosophy,openlibrary_api
Mutual Aid,Peter Kropotkin,1891,294,151,chi,philosophy,openlibrary_api
Das Schloß,Franz Kafka,1926,386,166,dut,philosophy,openlibrary_api
Der Zauberberg,Thomas Mann,1924,729,188,spa,philosophy,openlibrary_api
As a man thinketh,James Allen,1902,44,657,mal,philosophy,openlibrary_api
Poetics,Aristotle,1536,129,252,gre,philosophy,openlibrary_api
Les confessions,Jean-Jacques Rousseau,1782,606,244,spa,philosophy,openlibrary_api
Walden,Henry David Thoreau,1854,268,1139,jpn,philosophy,openlibrary_api
The Art of War,"孙武, Stephen F. Kaufman",1900,90,1542,chi,philosophy,openlibrary_api
The Picture of Dorian Gray,Oscar Wilde,1890,246,3012,arm,philosophy,openlibrary_api
The golden bough,"James George Frazer, Theodor Herzl Gaster",1890,658,371,ita,philosophy,openlibrary_api
Essais,"Montaigne, Michel de",1600,363,294,gre,philosophy,openlibrary_api
Utopia,Thomas More,1518,176,198,hun,philosophy,openlibrary_api
πολιτεία,Πλάτων,1554,397,794,mac,philosophy,openlibrary_api
The Prophet,"Kahlil Gibran, R. Black",1900,112,569,guj,philosophy,openlibrary_api
Candide,Voltaire,1746,152,1079,bal,philosophy,openlibrary_api
A Vindication of Rights of Woman,Mary Wollstonecraft,1792,256,309,eng,philosophy,openlibrary_api
The Wealth of Nations,Adam Smith,1776,581,123,ger,philosophy,openlibrary_api
Philosophiae naturalis principia mathematica,Sir Isaac Newton,1687,510,104,lat,philosophy,openlibrary_api
An autobiography,Mohandas Karamchand Gandhi,1927,420,140,spa,philosophy,openlibrary_api
Vom Kriege,Carl von Clausewitz,1835,461,194,und,philosophy,openlibrary_api
History,Herodotus,1494,561,282,gre,philosophy,openlibrary_api
On Liberty,John Stuart Mill,1859,176,465,jpn,philosophy,openlibrary_api
Gitanjali (song offerings),"Rabindranath Tagore, Marie Luise Gothein",1910,94,217,guj,philosophy,openlibrary_api
À rebours,Joris-Karl Huysmans,1884,188,336,und,philosophy,openlibrary_api
How to Win Friends and Influence People,Dale Carnegie,1936,276,178,jpn,philosophy,openlibrary_api
Записки изъ подполья,Фёдор Михайлович Достоевский,1864,132,837,chi,philosophy,openlibrary_api
Отцы и дети,Ivan Sergeevich Turgenev,1867,247,208,chi,philosophy,openlibrary_api
Through the Looking-Glass,Lewis Carroll,1865,134,1378,gre,philosophy,openlibrary_api
Alice's Adventures in Wonderland / Through the Looking Glass,Lewis Carroll,1889,277,544,chi,philosophy,openlibrary_api
Confessions,Augustine of Hippo,1482,351,449,und,philosophy,openlibrary_api
Common Sense,"Thomas Paine, Thomas Paine",1776,61,171,chi,philosophy,openlibrary_api
... Trotzdem Ja zum Leben sagen,Viktor E. Frankl,1946,165,111,ita,philosophy,openlibrary_api
A Brief History of Time,Stephen Hawking,1988,242,119,ita,philosophy,openlibrary_api
Manifest der Kommunistischen Partei,"Karl Marx, Friedrich Engels",1848,89,459,gre,philosophy,openlibrary_api
Rights of Man,Thomas Paine,1791,178,279,chi,philosophy,openlibrary_api
कामसूत्र,Vatsyāyana,1883,189,381,hun,philosophy,openlibrary_api
L’étranger,Albert Camus,1942,143,468,chi,philosophy,openlibrary_api
Alice's Adventures in Wonderland,Lewis Carroll,1865,133,3546,fry,philosophy,openlibrary_api
A Room of One's Own,Virginia Woolf,1929,143,303,dut,philosophy,openlibrary_api
Le petit prince,Antoine de Saint-Exupéry,1943,96,688,chi,philosophy,openlibrary_api
Leaves of Grass,Walt Whitman,1855,384,755,dut,philosophy,openlibrary_api
Life on the Mississippi,Mark Twain,1883,452,157,eng,philosophy,openlibrary_api
R.U.R. and The insect play,"Karel Čapek, Josef Čapek",1920,108,147,rus,technology,openlibrary_api
NASA/DoD aerospace knowledge diffusion research project,Thomas E. Pinelli,1990,26,101,eng,technology,openlibrary_api
When the Sleeper Awakes,H. G. Wells,1899,278,197,eng,technology,openlibrary_api
The Art of War,"孙武, Stephen F. Kaufman",1900,90,1542,ita,technology,openlibrary_api
Het Achterhuis,Anne Frank,1944,285,293,rus,technology,openlibrary_api
Tax administration,United States. General Accounting Office,1986,31,151,eng,technology,openlibrary_api
Frankenstein or The Modern Prometheus,Mary Shelley,1818,240,2185,chi,technology,openlibrary_api
Management information systems,"Kenneth C. Laudon, Jane P. Laudon",1945,656,95,ind,technology,openlibrary_api
Jurassic Park,Michael Crichton,1990,455,93,eng,technology,openlibrary_api
Leonardo,"Leonardo da Vinci, Kunster",1946,140,89,fre,technology,openlibrary_api
Digital Fortress,Dan Brown,1998,447,86,cmn,technology,openlibrary_api
Sapiens,Yuval Noah Harari,2011,456,86,rum,technology,openlibrary_api
The Lost World,Michael Crichton,1995,419,78,jpn,technology,openlibrary_api
"Advances in Computers, Volume 49 (Advances in Computers)","Marvin V. Zelkowitz, Marshall C. Yovits",1995,345,69,eng,technology,openlibrary_api
Prey,Michael Crichton,2002,464,65,fre,technology,openlibrary_api
Timeline,Michael Crichton,1999,512,64,spa,technology,openlibrary_api
Biology,Neil Alexander Campbell,1987,1267,57,eng,technology,openlibrary_api
Steve Jobs,Walter Isaacson,2011,665,56,heb,technology,openlibrary_api
"Engineering Mechanics, Statics & Dynamics",R. C. Hibbeler,1974,624,55,eng,technology,openlibrary_api
The Internet for Dummies,"John R. Levine, Carol Baroudi",1993,385,62,rus,technology,openlibrary_api
State of Fear,Michael Crichton,2004,678,51,fre,technology,openlibrary_api
Small Is Beautiful,E. F. Schumacher,1905,290,50,spa,technology,openlibrary_api
The World Is Flat -A Brief History OF THE TWENTY-FIRST CENTURY,Thomas L. Friedman,2005,512,51,ara,technology,openlibrary_api
Financial audit,United States. General Accounting Office,1975,15,116,eng,technology,openlibrary_api
Artemis Fowl and the Arctic Incident,Eoin Colfer,2001,320,50,ger,technology,openlibrary_api
The Gods Themselves,Isaac Asimov,1972,317,49,ita,technology,openlibrary_api
Longitude,"Dava Sobel, William J. H. Andrewes",1995,192,49,dut,technology,openlibrary_api
Understanding Media,"Marshall McLuhan, Marshal McLuhan",1964,362,47,und,technology,openlibrary_api
Einstein,Walter Isaacson,2007,704,45,heb,technology,openlibrary_api
SQL for Dummies,"Allen G. Taylor, Reinhard Engel",1993,432,43,eng,technology,openlibrary_api
The Machine Stops,E. M. Forster,1909,44,311,eng,technology,openlibrary_api
Transactions on Engineering Technologies,"Sio-Iong Ao, Haeng Kon Kim",2013,474,40,eng,technology,openlibrary_api
The Human Condition,Hannah Arendt,1958,368,42,ita,technology,openlibrary_api
Computer Networks,"Andrew S. Tanenbaum, John David Wetherall",1981,813,42,eng,technology,openlibrary_api
Human Anatomy,"Elaine Nicpon Marieb, Jon B. Mallatt",1992,880,38,eng,technology,openlibrary_api
The Circle,Dave Eggers,2013,491,38,dut,technology,openlibrary_api
Hacking for Dummies,"Kevin Beaver, Jutta Schmidt",2004,396,37,ger,technology,openlibrary_api
Red Storm Rising,"Tom Clancy, T CLANCY",1983,830,35,fre,technology,openlibrary_api
Cryptonomicon,Neal Stephenson,1999,864,35,fre,technology,openlibrary_api
ההיסטוריה של המחר,Yuval Noah Harari,2015,461,35,ita,technology,openlibrary_api
On Photography,Susan Sontag,1977,224,35,eng,technology,openlibrary_api
"Henley's twentieth century formulas, recipes and processes",Gardner Dexter Hiscox,1907,809,34,eng,technology,openlibrary_api
21 Lessons for the 21st Century,Yuval Noah Harari,2018,400,33,pol,technology,openlibrary_api
Nuclear waste,United States. General Accounting Office,1900,36,100,eng,technology,openlibrary_api
Systems Analysis and Design,"Alan Dennis, Barbara Haley Wixom",2000,537,28,eng,technology,openlibrary_api
Demon Seed,Dean Koontz,1973,252,26,fre,technology,openlibrary_api
Feed,M. T. Anderson,2002,299,27,fre,technology,openlibrary_api
The Way Things Work,David Macaulay,1988,384,26,chi,technology,openlibrary_api
Next,Michael Crichton,2006,501,44,fre,technology,openlibrary_api
Rainbow six,Tom Clancy,1998,897,25,chi,technology,openlibrary_api
Industrial Society and Its Future,Theodore Kaczynski,1995,112,24,ita,technology,openlibrary_api
One-Dimensional Man,Herbert Marcuse,1963,260,48,eng,technology,openlibrary_api
Digital photography for dummies,Julie Adair King,1997,357,25,fre,technology,openlibrary_api
C++,Herbert Schildt,1987,632,24,eng,technology,openlibrary_api
The Boy Who Harnessed the Wind,"William Kamkwamba, Bryan Mealer",2009,295,23,eng,technology,openlibrary_api
Dark Matter,Blake Crouch,2016,360,22,pol,technology,openlibrary_api
Elon Musk,"Ashlee Vance, Francisco López Martín",2013,402,22,pol,technology,openlibrary_api
Crossing the Chasm,Geoffrey A. Moore,1991,234,21,eng,technology,openlibrary_api
Hidden Figures,Margot Lee Shetterly,2016,314,23,ita,technology,openlibrary_api
The Road Ahead,"Bill Gates, Nathan Myhrvold",1995,332,21,eng,technology,openlibrary_api
The Code Breaker,"Walter Isaacson, Kathe Mazur",2001,560,21,ita,technology,openlibrary_api
Leonardo da Vinci,"Walter Isaacson, Jordi Ainaud i Escudero",2017,599,21,por,technology,openlibrary_api
La increíble y triste historia de la cándida Eréndira y de su abuela desalmada,Gabriel García Márquez,1972,160,58,ger,technology,openlibrary_api
The Right Stuff,Tom Wolfe,1979,436,32,por,technology,openlibrary_api
Ready Player Two,Ernest Cline,2019,464,20,por,technology,openlibrary_api
The Innovator's Dilemma,"Clayton M. Christensen, L J Ganser",1997,286,20,eng,technology,openlibrary_api
Teaching and learning with technology,"Judy Lever-Duffy, Jean B. McDonald",2002,446,18,eng,technology,openlibrary_api
Bad Blood,John Carreyrou,2018,352,19,eng,technology,openlibrary_api
The Innovators,"Walter Isaacson, Francisco José Ramos Mena",2014,583,18,eng,technology,openlibrary_api
Quicksilver,Neal Stephenson,2003,936,18,eng,technology,openlibrary_api
How computers work,"Ron White, Timothy Edward Downs",1993,399,16,chi,technology,openlibrary_api
E-commerce,"Kenneth C. Laudon, Carol G. Traver",2002,896,16,eng,technology,openlibrary_api
The Psychology of Everyday Things,Donald A. Norman,1988,271,16,eng,technology,openlibrary_api
A Guide to the Project Management Body of Knowledge (PMBOK® Guide),Project Management Institute,1996,390,15,eng,technology,openlibrary_api
Engineering mechanics,"J. L. Meriam, L. G. Kraige",1978,544,23,eng,technology,openlibrary_api
Recursion,Blake Crouch,2019,352,15,eng,technology,openlibrary_api
Rework,"Jason Fried, David Heinemeier Hansson",2010,279,15,fre,technology,openlibrary_api
The nature and properties of soils,"Nyle C. Brady, Ray R. Weil",1974,921,13,eng,technology,openlibrary_api
Linux For Dummies,"Dee-Ann LeBlanc, Melanie Hoag",1999,422,16,eng,technology,openlibrary_api
Digital image processing,"Rafael C. Gonzalez, Richard E. Woods",1977,861,14,eng,technology,openlibrary_api
The Kybalion,Three Initiates,1912,107,122,eng,psychology,openlibrary_api
Psychopathia sexualis,"Richard von Krafft-Ebing, Krafft/",1886,525,120,ita,psychology,openlibrary_api
The master key system in twenty-four parts with questionnaire and glossary,"Charles F. Haanel, Ruth L. Miller",1919,202,135,spa,psychology,openlibrary_api
The Varieties of Religious Experience,"William James, Dr. William James",1817,472,266,eng,psychology,openlibrary_api
Die Traumdeutung,Sigmund Freud,1899,512,141,rus,psychology,openlibrary_api
La Peste,Albert Camus,1942,278,280,fin,psychology,openlibrary_api
As a man thinketh,James Allen,1902,44,657,mal,psychology,openlibrary_api
The Waves,Virginia Woolf,1931,256,255,ita,psychology,openlibrary_api
Anthem,Ayn Rand,1936,98,103,eng,psychology,openlibrary_api
Works (Awakening / Beyond the Bayou / Desiree's Baby / Kiss / Locket / Ma'ame Pelagie / Pair of Silk Stockings / Reflection / Respectable Woman),Kate Chopin,1981,212,198,fre,psychology,openlibrary_api
Lord of the Flies,William Golding,1954,243,191,glg,psychology,openlibrary_api
The Awakening,Kate Chopin,1899,216,347,fre,psychology,openlibrary_api
The Power of Your Subconscious Mind,Joseph Murphy,1963,222,130,mal,psychology,openlibrary_api
How to Win Friends and Influence People,Dale Carnegie,1936,276,178,jpn,psychology,openlibrary_api
... Trotzdem Ja zum Leben sagen,Viktor E. Frankl,1946,165,111,ita,psychology,openlibrary_api
"Villette, a novel",Charlotte Brontë,1853,538,519,eng,psychology,openlibrary_api
Sult,Knut Hamsun,1890,196,154,dan,psychology,openlibrary_api
La Chute,Albert Camus,1917,147,145,dut,psychology,openlibrary_api
The blue castle,Lucy Maud Montgomery,1926,257,294,chi,psychology,openlibrary_api
The Art of Loving,Erich Fromm,1956,138,101,jpn,psychology,openlibrary_api
The Bell Jar,Sylvia Plath,1948,258,159,chi,psychology,openlibrary_api
Преступление и наказание,Фёдор Михайлович Достоевский,1866,520,1178,gre,psychology,openlibrary_api
Think and Grow Rich,Napoleon Hill,1937,257,309,por,psychology,openlibrary_api
One Flew Over the Cuckoo's Nest,Ken Kesey,1962,311,102,geo,psychology,openlibrary_api
Tuesdays with Morrie,Mitch Albom,1994,199,104,swe,psychology,openlibrary_api
Persuasion,Jane Austen,1789,268,1236,chi,psychology,openlibrary_api
Metamorphosis,Franz Kafka,1915,88,954,jpn,psychology,openlibrary_api
The Problems of Philosophy,Bertrand Russell,1900,114,288,spa,psychology,openlibrary_api
Бѣсы,Фёдор Михайлович Достоевский,1871,704,171,rum,psychology,openlibrary_api
Tender is the Night,F. Scott Fitzgerald,1933,352,312,ita,psychology,openlibrary_api
Perfume,Patrick Süskind,1985,263,105,ita,psychology,openlibrary_api
Ulysses,James Joyce,1914,736,612,glg,psychology,openlibrary_api
To the Lighthouse,Virginia Woolf,1927,242,521,ita,psychology,openlibrary_api
The Yellow Wallpaper,"Charlotte Perkins Gilman, Aric Cushing",1892,34,721,ita,psychology,openlibrary_api
Brave New World,Aldous Huxley,1932,241,721,glg,psychology,openlibrary_api
Игрокъ,Фёдор Михайлович Достоевский,1866,166,412,por,psychology,openlibrary_api
Der Steppenwolf,Hermann Hesse,1927,224,239,pol,psychology,openlibrary_api
Heart of Darkness,Joseph Conrad,1899,136,552,ita,psychology,openlibrary_api
The Beautiful and Damned,F. Scott Fitzgerald,1920,439,495,ita,psychology,openlibrary_api
The Razor's Edge,William Somerset Maugham,1944,320,135,chi,psychology,openlibrary_api
Lord Jim,Joseph Conrad,1900,360,344,pol,psychology,openlibrary_api
Of Mice and Men,John Steinbeck,1937,119,292,chi,psychology,openlibrary_api
The Raven,Edgar Allan Poe,1845,42,287,ita,psychology,openlibrary_api
The Red Pony,John Steinbeck,1933,120,109,ice,psychology,openlibrary_api
Babbitt,Sinclair Lewis,1922,384,451,spa,psychology,openlibrary_api
Братья Карамазовы,Фёдор Михайлович Достоевский,1880,822,312,gre,psychology,openlibrary_api
Finnegans Wake,James Joyce,1928,467,128,fre,psychology,openlibrary_api
L’étranger,Albert Camus,1942,143,468,chi,psychology,openlibrary_api
Schachnovelle,Stefan Zweig,1943,88,243,dut,psychology,openlibrary_api
Der Antichrist,Friedrich Nietzsche,1895,92,384,ita,psychology,openlibrary_api
Demian,Hermann Hesse,1919,184,176,dut,psychology,openlibrary_api
Women in Love,D. H. Lawrence,1877,538,564,por,psychology,openlibrary_api
Смерть Ивана Ильича,"Лев Толстой, Anthony Briggs",1887,92,188,rus,psychology,openlibrary_api
Carrie,Stephen King,1974,255,117,por,psychology,openlibrary_api
The Secret Agent,Joseph Conrad,1907,272,335,ita,psychology,openlibrary_api
Mrs. Dalloway,Virginia Woolf,1925,224,476,fin,psychology,openlibrary_api
Der Proceß,Franz Kafka,1825,269,783,fin,psychology,openlibrary_api
The Picture of Dorian Gray,Oscar Wilde,1890,246,3012,arm,psychology,openlibrary_api
Dracula,Bram Stoker,1897,408,736,gle,psychology,openlibrary_api
A Doll's House,Henrik Ibsen,1889,112,255,eng,psychology,openlibrary_api
Daisy Miller,Henry James,1877,75,244,fre,psychology,openlibrary_api
Le fantôme de l'opéra,Gaston Leroux,1911,276,131,ita,psychology,openlibrary_api
A Mind That Found Itself,Clifford Whittingham Beers,1908,190,130,eng,psychology,openlibrary_api
Wuthering Heights,Emily Brontë,1846,318,2886,gre,psychology,openlibrary_api
Life of Pi,Yann Martel,2000,347,114,spa,psychology,openlibrary_api
The Woman in White,"Wilkie Collins, William Collins",1859,544,652,dut,psychology,openlibrary_api
El túnel,Ernesto Sabato,1948,151,120,arm,psychology,openlibrary_api
The Giver,Lois Lowry,1993,200,106,ita,psychology,openlibrary_api
Записки изъ подполья,Фёдор Михайлович Достоевский,1864,132,837,chi,psychology,openlibrary_api
The House of Mirth,Edith Wharton,1905,348,694,eng,psychology,openlibrary_api
A Room with a View,E. M. Forster,1905,204,692,ita,psychology,openlibrary_api
The Importance of Being Earnest,Oscar Wilde,1893,102,455,eng,psychology,openlibrary_api
Moby Dick,Herman Melville,1851,452,1119,gre,psychology,openlibrary_api
The Portrait of a Lady,Henry James,1881,608,432,ger,psychology,openlibrary_api
Oliver Twist,Charles Dickens,1822,414,2209,mal,psychology,openlibrary_api
Fifty Shades of Grey,E. L. James,2000,544,141,por,psychology,openlibrary_api
The Old Curiosity Shop,Charles Dickens,1800,563,825,jpn,psychology,openlibrary_api
Catch-22,Joseph Heller,1961,463,134,spa,psychology,openlibrary_api
Meditations,Marcus Aurelius,1626,203,642,gre,psychology,openlibrary_api
The Turn of the Screw,Henry James,1898,160,563,ita,psychology,openlibrary_api
"The life of Olaudah Equiano, or Gustavus Vassa, the African",Olaudah Equiano,1789,241,298,eng,biography,openlibrary_api
Autobiography of a Yogi,Yogananda Paramahansa,1946,514,183,mal,biography,openlibrary_api
Narrative of the life of Frederick Douglass,Frederick Douglass,1845,127,1032,eng,biography,openlibrary_api
Les confessions,Jean-Jacques Rousseau,1782,606,244,spa,biography,openlibrary_api
The Story of Philosophy,Will Durant,1926,543,141,urd,biography,openlibrary_api
Lives,Plutarch,1564,479,323,guj,biography,openlibrary_api
Terre des hommes,Antoine de Saint-Exupéry,1936,222,124,spa,biography,openlibrary_api
American notes,"Charles Dickens, Diana C. Archibald",1800,266,233,chi,biography,openlibrary_api
Incidents in the Life of a Slave Girl,Harriet A. Jacobs,1861,236,386,dut,biography,openlibrary_api
An autobiography,Mohandas Karamchand Gandhi,1927,420,140,spa,biography,openlibrary_api
Der Antichrist,Friedrich Nietzsche,1895,92,384,ita,biography,openlibrary_api
Twelve years a slave,Solomon Northup,1853,233,1029,fre,biography,openlibrary_api
Confessions,Augustine of Hippo,1482,351,449,und,biography,openlibrary_api
Up from Slavery,Booker T. Washington,1900,192,430,urd,biography,openlibrary_api
The Autobiography of Benjamin Franklin,Benjamin Franklin,1791,214,679,swe,biography,openlibrary_api
Tuesdays with Morrie,Mitch Albom,1994,199,104,swe,biography,openlibrary_api
A Mind That Found Itself,Clifford Whittingham Beers,1908,190,130,eng,biography,openlibrary_api
Se questo è un uomo,Primo Levi,1947,206,112,alb,biography,openlibrary_api
Homage to Catalonia,George Orwell,1938,246,168,ger,biography,openlibrary_api
Vol de nuit,Antoine de Saint-Exupéry,1931,140,128,fre,biography,openlibrary_api
Good wives,Louisa May Alcott,1870,320,105,eng,biography,openlibrary_api
Mein Kampf,Adolf Hitler,1922,614,185,ita,biography,openlibrary_api
... Trotzdem Ja zum Leben sagen,Viktor E. Frankl,1946,165,111,ita,biography,openlibrary_api
Walden,Henry David Thoreau,1854,268,1139,jpn,biography,openlibrary_api
A history of the English-speaking peoples,"Winston S. Churchill, Winston Churchhill",1950,345,211,eng,biography,openlibrary_api
Lilith,George MacDonald,1895,270,480,eng,biography,openlibrary_api
Mémoires,Giacomo Casanova,1830,320,104,fre,biography,openlibrary_api
Das Schloß,Franz Kafka,1926,386,166,dut,biography,openlibrary_api
Poems by John Keats,John Keats,1800,337,200,ita,biography,openlibrary_api
Angela's Ashes,Frank McCourt,1996,432,101,spa,biography,openlibrary_api
The Pilgrim's Progress,John Bunyan,1678,308,683,fin,biography,openlibrary_api
The Complete Life and Adventures of Santa Claus,L. Frank Baum,1902,98,560,eng,biography,openlibrary_api
Diary,Samuel Pepys,1825,244,166,und,biography,openlibrary_api
Moralia,Plutarch,1500,301,211,gre,biography,openlibrary_api
The Razor's Edge,William Somerset Maugham,1944,320,135,chi,biography,openlibrary_api
"Tom Sawyer, Detective",Mark Twain,1897,92,276,spa,biography,openlibrary_api
Het Achterhuis,Anne Frank,1944,285,293,fin,biography,openlibrary_api
"Maria; or, The Wrongs of Woman","Mary Wollstonecraft, William Godwin",1799,157,265,und,biography,openlibrary_api
Orthodoxy,Gilbert Keith Chesterton,1874,156,551,spa,biography,openlibrary_api
Vincent van Gogh,"Vincent van Gogh, Colta Ives",1914,116,114,swe,biography,openlibrary_api
Down and Out in Paris and London,George Orwell,1933,224,119,chi,biography,openlibrary_api
Schachnovelle,Stefan Zweig,1943,88,243,dut,biography,openlibrary_api
Life on the Mississippi,Mark Twain,1883,452,157,eng,biography,openlibrary_api
Bambi,Felix Salten,1900,206,111,gle,biography,openlibrary_api
Dubliners,James Joyce,1914,240,996,tur,biography,openlibrary_api
The Souls of Black Folk,W. E. B. Du Bois,1903,203,412,fre,biography,openlibrary_api
Max Ernst,"Max Ernst, Werner Spies",1956,163,114,ita,biography,openlibrary_api
Henry Moore,"David Sylvester, Henry Moore",1934,119,146,ita,biography,openlibrary_api
Exercitia spiritualia,"Saint Ignatius of Loyola, Aloysio R.P Bellecio",1548,230,145,cze,biography,openlibrary_api
Εὐθύφρων / Κρίτων / Φαίδων / Ἀπολογία Σωκράτους,Πλάτων,1871,200,126,gre,biography,openlibrary_api
Paradise Lost,John Milton,1667,333,396,mal,biography,openlibrary_api
Letters to a young poet,Rainer Maria Rilke,1656,100,144,heb,biography,openlibrary_api
Little House in the Big Woods,Laura Ingalls Wilder,1932,228,120,pol,biography,openlibrary_api
The Travels of Marco Polo,Marco Polo,1818,376,114,mon,biography,openlibrary_api
The Second World War,Winston S. Churchill,1948,724,203,spa,biography,openlibrary_api
Les fleurs du mal,Charles Baudelaire,1855,281,363,cze,biography,openlibrary_api
The Princess and the Goblin,George MacDonald,1872,185,750,chi,biography,openlibrary_api
Roughing It,Mark Twain,1872,558,408,fre,biography,openlibrary_api
Essais,"Montaigne, Michel de",1600,363,294,gre,biography,openlibrary_api
Black Beauty,Anna Sewell,1877,229,107,fre,biography,openlibrary_api
Manifest der Kommunistischen Partei,"Karl Marx, Friedrich Engels",1848,89,459,gre,biography,openlibrary_api
King Henry V,William Shakespeare,1600,166,631,hun,biography,openlibrary_api
Sonnets,William Shakespeare,1609,168,646,gre,biography,openlibrary_api
John Donne Poetry,"John Donne, John Booty",1633,274,105,spa,biography,openlibrary_api
Мы,Евгений Иванович Замятин,1924,224,210,chi,biography,openlibrary_api
Meditations,Marcus Aurelius,1626,203,642,gre,biography,openlibrary_api
Ab urbe condita,Titus Livius,1481,253,558,cze,biography,openlibrary_api
Paul Klee,Paul Klee,1930,134,150,swe,biography,openlibrary_api
Cyrano de Bergerac,Edmond Rostand,1821,236,309,sco,biography,openlibrary_api
A Farewell to Arms,Ernest Hemingway,1929,332,181,chi,biography,openlibrary_api
Lord Jim,Joseph Conrad,1900,360,344,pol,biography,openlibrary_api
The Jungle Book,Rudyard Kipling,1893,192,536,chi,biography,openlibrary_api
Anne of Green Gables,Lucy Maud Montgomery,1908,309,1299,pol,biography,openlibrary_api
Leaves of Grass,Walt Whitman,1855,384,755,dut,biography,openlibrary_api
Plays (36),William Shakespeare,1623,889,256,ger,biography,openlibrary_api
My Ántonia,Willa Cather,1818,264,832,ita,biography,openlibrary_api
Анна Каренина,Лев Толстой,1876,656,1314,arm,biography,openlibrary_api
Picasso,"Pablo Picasso, Jean-Louis Andral",1926,107,240,dut,biography,openlibrary_api
The Canterbury Tales,"Geoffrey Chaucer, John E. Cunningham",1478,427,722,jpn,biography,openlibrary_api
La Divina Commedia,Dante Alighieri,1472,505,1339,gre,biography,openlibrary_api
Georg Baselitz,"Georg Baselitz, Rainer M. Mason",1970,87,113,eng,art,openlibrary_api
Paul Klee,Paul Klee,1930,134,150,swe,art,openlibrary_api
Naturalis historia,Pliny the Elder,1469,280,100,lat,art,openlibrary_api
Picasso,"Pablo Picasso, Jean-Louis Andral",1926,107,240,eng,art,openlibrary_api
Vincent van Gogh,"Vincent van Gogh, Colta Ives",1914,116,114,swe,art,openlibrary_api
Henry Moore,"David Sylvester, Henry Moore",1934,119,146,eng,art,openlibrary_api
Dell'Arte della Guerra,Niccolò Machiavelli,1540,218,140,heb,art,openlibrary_api
Vom Kriege,Carl von Clausewitz,1835,461,194,eng,art,openlibrary_api
Max Ernst,"Max Ernst, Werner Spies",1956,163,114,spa,art,openlibrary_api
Salomé,Oscar Wilde,1893,66,174,rus,art,openlibrary_api
The Art of War,"孙武, Stephen F. Kaufman",1900,90,1542,ita,art,openlibrary_api
À rebours,Joris-Karl Huysmans,1884,188,336,und,art,openlibrary_api
The Age of Fable,Thomas Bulfinch,1800,414,299,rus,art,openlibrary_api
The Da Vinci Code,Dan Brown,2003,489,203,heb,art,openlibrary_api
A dictionary of the English language,Samuel Johnson,1747,418,104,eng,art,openlibrary_api
The Raven,Edgar Allan Poe,1845,42,287,fin,art,openlibrary_api
The Woman in White,"Wilkie Collins, William Collins",1859,544,652,fin,art,openlibrary_api
The Murders in the Rue Morgue,Edgar Allan Poe,1841,42,532,eng,art,openlibrary_api
Poems,William Blake,1783,224,141,ita,art,openlibrary_api
The Elements of Style,"William Strunk, Jr., E. B. White",1920,76,273,eng,art,openlibrary_api
The Devil's Dictionary,Ambrose Bierce,1840,228,312,eng,art,openlibrary_api
A Room of One's Own,Virginia Woolf,1929,143,303,tur,art,openlibrary_api
Summa Theologica,"Thomas Aquinas, Kennedy, Daniel Joseph, 1862-1930",1467,227,277,eng,art,openlibrary_api
The water-babies: a fairy tale for a land-baby,Charles Kingsley,1863,272,213,eng,art,openlibrary_api
The Turn of the Screw,Henry James,1898,160,563,eng,art,openlibrary_api
Plays (36),William Shakespeare,1623,889,256,ger,art,openlibrary_api
Dubliners,James Joyce,1914,240,996,gle,art,openlibrary_api
Tender is the Night,F. Scott Fitzgerald,1933,352,312,ita,art,openlibrary_api
Sons and Lovers,D. H. Lawrence,1913,491,332,eng,art,openlibrary_api
Fahrenheit 451,Ray Bradbury,1953,190,261,srp,art,openlibrary_api
कामसूत्र,Vatsyāyana,1883,189,381,mar,art,openlibrary_api
The Murder of Roger Ackroyd,Agatha Christie,1926,256,220,dut,art,openlibrary_api
Du contrat social,Jean-Jacques Rousseau,1762,249,216,eng,art,openlibrary_api
Narrative of the life of Frederick Douglass,Frederick Douglass,1845,127,1032,eng,art,openlibrary_api
Ender's Game,Orson Scott Card,1985,330,104,chi,art,openlibrary_api
The Book Thief,Markus Zusak,1998,559,108,fre,art,openlibrary_api
Angels & Demons,Dan Brown,2000,576,170,chi,art,openlibrary_api
Tao te Ching,老子,1842,124,648,und,art,openlibrary_api
Anne of Green Gables,Lucy Maud Montgomery,1908,309,1299,fre,art,openlibrary_api
Much Ado About Nothing,William Shakespeare,1600,160,401,fre,art,openlibrary_api
"Works [37 plays, 6 poems, sonnets]",William Shakespeare,1730,1175,213,fre,art,openlibrary_api
Walden,Henry David Thoreau,1854,268,1139,fre,art,openlibrary_api
Decamerone,Giovanni Boccaccio,1516,574,700,enm,art,openlibrary_api
Het Achterhuis,Anne Frank,1944,285,293,rus,art,openlibrary_api
A Christmas Carol,"Charles Dickens, Groth",1843,114,3198,rus,art,openlibrary_api
Harry Potter and the Deathly Hallows,J. K. Rowling,2007,701,144,cat,art,openlibrary_api
Aeneis,Publius Vergilius Maro,1710,360,456,srp,art,openlibrary_api
Poetics,Aristotle,1536,129,252,lat,art,openlibrary_api
The Tempest,William Shakespeare,1611,144,804,swe,art,openlibrary_api
The Red Badge of Courage,Stephen Crane,1855,174,639,eng,art,openlibrary_api
The Prince,Niccolò Machiavelli,1515,156,1407,swe,art,openlibrary_api
Don Quijote de la Mancha,Miguel de Cervantes Saavedra,1600,519,1594,swe,art,openlibrary_api
Romeo and Juliet,William Shakespeare,1597,169,985,hun,art,openlibrary_api
Robinson Crusoe,"Daniel Defoe, J. J. Grandville",1686,274,2420,swe,art,openlibrary_api
Hamlet,William Shakespeare,1603,192,2377,ina,art,openlibrary_api
A Midsummer Night's Dream,William Shakespeare,1600,124,1505,enm,art,openlibrary_api
Macbeth,William Shakespeare,1508,135,1866,swe,art,openlibrary_api
Frankenstein or The Modern Prometheus,Mary Shelley,1818,240,2185,chi,art,openlibrary_api
Bible,Bible,1200,1464,6084,hun,art,openlibrary_api
Marc Chagall,"Marc Chagall, Evgenija Petrova",1948,128,97,swe,art,openlibrary_api
The Stones of Venice,John Ruskin,1851,226,99,eng,art,openlibrary_api
La nausée,Jean-Paul Sartre,1938,240,98,swe,art,openlibrary_api
Gorin no sho,"Miyamoto Musashi, William Scott Wilson",1963,114,97,eng,art,openlibrary_api
Rembrandt,"Rembrandt Harmenszoon van Rijn, Holm Bevers",1900,143,93,dut,art,openlibrary_api
Van Gogh,Federico Zeri,1937,66,91,rum,art,openlibrary_api
Expedition Kon-Tiki,Thor Heyerdahl,1949,235,103,spa,art,openlibrary_api
Goethe's Werke,Johann Wolfgang von Goethe,1800,143,105,eng,art,openlibrary_api
Leonardo,"Leonardo da Vinci, Kunster",1946,140,89,fre,art,openlibrary_api
Edvard Munch,"Edvard Munch, Christoph Asendorf",1927,95,88,eng,art,openlibrary_api
The works of Washington Irving,Washington Irving,1800,308,89,eng,art,openlibrary_api
The Blind Assassin,Margaret Atwood,2000,628,89,lav,art,openlibrary_api
Picasso,William S. Lieberman,1932,135,87,swe,art,openlibrary_api
Inferno,Dan Brown,2013,576,87,heb,art,openlibrary_api
Andy Warhol,Andy Warhol,1967,168,84,ita,art,openlibrary_api
The Cat in the Hat,"Dr. Seuss, Simon Mugford",1957,63,85,eng,art,openlibrary_api
Nine Stories,J. D. Salinger,1948,198,82,und,art,openlibrary_api
The Art of Public Speaking,Stephen E. Lucas,1983,448,80,chi,art,openlibrary_api
Os Lusíadas,"Luís de Camões, Souza Botelho",1572,383,367,lat,art,openlibrary_api
The Seven Lamps of Architecture,John Ruskin,1800,222,76,fre,art,openlibrary_api
Ἀνάβασις,Xenophon,1623,309,252,lat,art,openlibrary_api
Principles of Political Economy,John Stuart Mill,1848,628,133,fre,economics,openlibrary_api
Das Kapital,Karl Marx,1867,579,189,spa,economics,openlibrary_api
The Wealth of Nations,Adam Smith,1776,581,123,eng,economics,openlibrary_api
How to live on 24 hours a day,Arnold Bennett,1900,62,168,chi,economics,openlibrary_api
Die protestantische Ethik und der Geist des Kapitalismus,Max Weber,1700,292,137,chi,economics,openlibrary_api
"The science of getting rich, or, financial success through creative thought","Wallace D. Wattles, Ruth L Miller",1910,102,235,spa,economics,openlibrary_api
Noli Me Tangere,José Rizal,1902,451,132,ita,economics,openlibrary_api
"Laws, etc",Great Britain.,1691,21,3456,lat,economics,openlibrary_api
NASA/DoD aerospace knowledge diffusion research project,Thomas E. Pinelli,1990,26,101,eng,economics,openlibrary_api
The Art of War,"孙武, Stephen F. Kaufman",1900,90,1542,ita,economics,openlibrary_api
A Room of One's Own,Virginia Woolf,1929,143,303,tur,economics,openlibrary_api
Gone With the Wind,Margaret Mitchell,1936,947,244,slv,economics,openlibrary_api
History,Herodotus,1494,561,282,lat,economics,openlibrary_api
Manifest der Kommunistischen Partei,"Karl Marx, Friedrich Engels",1848,89,459,rus,economics,openlibrary_api
Rights of Man,Thomas Paine,1791,178,279,fre,economics,openlibrary_api
Du contrat social,Jean-Jacques Rousseau,1762,249,216,eng,economics,openlibrary_api
Πολιτικά (Politiká),Aristotle,1492,354,224,lat,economics,openlibrary_api
Northanger Abbey,Jane Austen,1818,251,1013,eng,economics,openlibrary_api
La Poetica,Aristotle,1479,312,498,per,economics,openlibrary_api
The Scarlet Letter,Nathaniel Hawthorne,1800,272,2406,rus,economics,openlibrary_api
The Last of the Mohicans,James Fenimore Cooper,1826,418,862,eng,economics,openlibrary_api
Sense and Sensibility,Jane Austen,1811,352,2090,hun,economics,openlibrary_api
The Great Gatsby,F. Scott Fitzgerald,1920,186,1176,ind,economics,openlibrary_api
The game of life and how to play it,Florence Scovel Shinn,1925,96,97,eng,economics,openlibrary_api
Management information systems,"Kenneth C. Laudon, Jane P. Laudon",1945,656,95,ind,economics,openlibrary_api
Государство и революция,Vladimir Il’ich Lenin,1900,132,132,eng,economics,openlibrary_api
Utilitarianism,John Stuart Mill,1863,112,95,swe,economics,openlibrary_api
Le Deuxième Sexe,Simone de Beauvoir,1949,728,90,eng,economics,openlibrary_api
Doctor Faustus,Christopher Marlowe,1662,111,89,eng,economics,openlibrary_api
"Imperializm, kak vysshai͡a︡ stadii͡a︡ kapitalizma",Vladimir Il’ich Lenin,1900,151,88,per,economics,openlibrary_api
Sapiens,Yuval Noah Harari,2011,456,86,rum,economics,openlibrary_api
Mishneh Torah (Codification of Talmudic laws),Moses Maimonides,1470,261,176,hun,economics,openlibrary_api
Organizational Behavior,Stephen P. Robbins,1979,719,77,chi,economics,openlibrary_api
"Economics, an introductory analysis","Paul Anthony Samuelson, Nordhaus, William D.",1948,810,72,ger,economics,openlibrary_api
Économie internationale,"Paul R. Krugman, Maurice Obstfeld",1987,725,72,eng,economics,openlibrary_api
Island of the Blue Dolphins,Scott O’Dell,1960,184,71,eng,economics,openlibrary_api
"Extradition laws and treaties, United States",United States,1795,48,184,spa,economics,openlibrary_api
The worldly philosophers,Robert L. Heilbroner,1953,342,66,spa,economics,openlibrary_api
Reconfigurable Processor Array A Bit Sliced Parallel Computer (USA),A. Rushton,1986,144,132,eng,economics,openlibrary_api
Principles of Macroeconomics,"N. Gregory Mankiw, Robin Stonecash",1996,551,64,fre,economics,openlibrary_api
Freakonomics,"Steven D. Levitt, Stephen J. Dubner",2005,320,63,por,economics,openlibrary_api
"The Economics of Money, Banking, and Financial Markets",Frederic S. Mishkin,1986,731,63,eng,economics,openlibrary_api
Cosmos,Alexander von Humboldt,1845,416,63,ger,economics,openlibrary_api
The Road to Wigan Pier,George Orwell,1724,230,138,eng,economics,openlibrary_api
Dear Zoo,"Rod Campbell, Roger Boore",1982,18,64,chi,economics,openlibrary_api
Principles of Microeconomics (with Xtra!),"N. Gregory Mankiw, J. Gans, S. King, N. Mankiw",1830,526,61,eng,economics,openlibrary_api
"Guns, germs, and steel",Jared M. Diamond,1997,528,58,ita,economics,openlibrary_api
Marketing,"Philip Kotler, Gary Armstrong",1987,666,56,eng,economics,openlibrary_api
Strategic management,"Gregory G. Dess, G. T. Lumpkin",1992,537,55,eng,economics,openlibrary_api
Steve Jobs,Walter Isaacson,2011,665,56,heb,economics,openlibrary_api
Introductory Mathematical Analysis,"Ernest F. Haeussler, Richard S. Paul",1973,849,55,eng,economics,openlibrary_api
The 48 Laws of Power,Robert Greene,1998,452,55,eng,economics,openlibrary_api
"The Muqaddimah, an introduction to history","Ibn Khaldūn, عبد الرحمن ابن خلدون Abdel Rahman Ibn Khaldun",1858,512,54,per,economics,openlibrary_api
La Société du spectacle,Guy Debord,1967,157,52,chi,economics,openlibrary_api
Small Is Beautiful,E. F. Schumacher,1905,290,50,spa,economics,openlibrary_api
The World Is Flat -A Brief History OF THE TWENTY-FIRST CENTURY,Thomas L. Friedman,2005,512,51,ara,economics,openlibrary_api
Economics,"Richard G. Lipsey, Christopher Ragan",1966,840,50,eng,economics,openlibrary_api
Financial audit,United States. General Accounting Office,1975,15,116,eng,economics,openlibrary_api
The Audacity of Hope,"Barack Obama, Erwin Dorado",2006,413,49,ger,economics,openlibrary_api
Las venas abiertas de América Latina,Eduardo Galeano,1971,388,48,tur,economics,openlibrary_api
The Economic Consequences of the Peace (Twentieth-Century Classics),"John Maynard Keynes, Jens Hölscher",1919,198,197,ita,economics,openlibrary_api
What If?,Randall Munroe,1980,315,44,eng,economics,openlibrary_api
De la division du travail social,"Émile Durkheim, Steven Lukes",1893,424,82,chi,economics,openlibrary_api
Effective Executive,"Peter F. Drucker, Joseph A. Maciariello",1967,178,43,chi,economics,openlibrary_api
The postman always rings twice,James M. Cain,1934,155,43,eng,economics,openlibrary_api
The Human Condition,Hannah Arendt,1958,368,42,ita,economics,openlibrary_api
International business,"John D. Daniels, Lee H. Radebaugh",1976,805,41,eng,economics,openlibrary_api
Berlin Alexanderplatz,Alfred Döblin,1929,529,68,ita,economics,openlibrary_api
Atomic Habits,James Clear,2016,322,40,tur,economics,openlibrary_api
Feel the fear and do it anyway,Susan J. Jeffers,1987,227,40,fre,economics,openlibrary_api
Implementation of the Helsinki accords,United States. Congress. Commission on Security and Cooperation in Europe,1982,79,144,eng,economics,openlibrary_api
Fast Food Nation,Eric Schlosser,2001,385,39,eng,economics,openlibrary_api
Sesame and lilies,John Ruskin,1800,202,105,fre,economics,openlibrary_api
The Practice of Management,Peter F. Drucker,1954,404,37,und,economics,openlibrary_api
Microeconomics,"Robert S. Pindyck, Daniel L. Rubinfeld",1988,751,35,eng,economics,openlibrary_api
Nickel and Dimed,Barbara Ehrenreich,2001,242,36,spa,economics,openlibrary_api
The Road to Serfdom,Friedrich A. von Hayek,1944,248,34,pol,economics,openlibrary_api
Misère de la philosophie,Karl Marx,1847,227,71,dan,economics,openlibrary_api
The affluent society,John Kenneth Galbraith,1958,290,48,fre,economics,openlibrary_api
The Shock Doctrine,Naomi Klein,2007,677,32,tur,economics,openlibrary_api
Mein Kampf,Adolf Hitler,1922,614,185,eng,politics,openlibrary_api
Πολιτικά (Politiká),Aristotle,1492,354,224,lat,politics,openlibrary_api
Du contrat social,Jean-Jacques Rousseau,1762,249,216,eng,politics,openlibrary_api
The Napoleon of Notting Hill,Gilbert Keith Chesterton,1904,160,454,ita,politics,openlibrary_api
Rights of Man,Thomas Paine,1791,178,279,fre,politics,openlibrary_api
Manifest der Kommunistischen Partei,"Karl Marx, Friedrich Engels",1848,89,459,rus,politics,openlibrary_api
Common Sense,"Thomas Paine, Thomas Paine",1776,61,171,chi,politics,openlibrary_api
A Modern Utopia,H. G. Wells,1900,320,102,dut,politics,openlibrary_api
Animal Farm,George Orwell,1945,128,650,hun,politics,openlibrary_api
On Liberty,John Stuart Mill,1859,176,465,fre,politics,openlibrary_api
The Iron Heel,Jack London,1907,287,597,eng,politics,openlibrary_api
Dell'Arte della Guerra,Niccolò Machiavelli,1540,218,140,heb,politics,openlibrary_api
It Can't Happen Here,Sinclair Lewis,1935,376,157,rus,politics,openlibrary_api
La conquête du pain,Peter Kropotkin,1892,222,146,rus,politics,openlibrary_api
The Prince,Niccolò Machiavelli,1515,156,1407,swe,politics,openlibrary_api
Бѣсы,Фёдор Михайлович Достоевский,1871,704,171,fre,politics,openlibrary_api
De la démocratie en Amérique,"Alexis de Tocqueville, Gustave de Beaumont",1835,436,421,hun,politics,openlibrary_api
Мастер и Маргарита,Михаил Афанасьевич Булгаков,1966,439,234,eng,politics,openlibrary_api
Utopia,Thomas More,1518,176,198,lat,politics,openlibrary_api
The Enduring Vision,Paul S. Boyer,1987,610,110,eng,politics,openlibrary_api
Eva Luna,Isabel Allende,1987,304,107,spa,politics,openlibrary_api
A Vindication of Rights of Woman,Mary Wollstonecraft,1792,256,309,eng,politics,openlibrary_api
πολιτεία,Πλάτων,1554,397,794,urd,politics,openlibrary_api
The Wealth of Nations,Adam Smith,1776,581,123,eng,politics,openlibrary_api
Vom Kriege,Carl von Clausewitz,1835,461,194,eng,politics,openlibrary_api
The Problems of Philosophy,Bertrand Russell,1900,114,288,spa,politics,openlibrary_api
Sonnenfinsternis,Arthur Koestler,1940,254,119,und,politics,openlibrary_api
Die Blechtrommel,Günter Grass,1959,591,111,fin,politics,openlibrary_api
Summa Theologica,"Thomas Aquinas, Kennedy, Daniel Joseph, 1862-1930",1467,227,277,eng,politics,openlibrary_api
The Jungle,Upton Sinclair,1707,350,673,dan,politics,openlibrary_api
Mutual Aid,Peter Kropotkin,1891,294,151,heb,politics,openlibrary_api
Homage to Catalonia,George Orwell,1938,246,168,ita,politics,openlibrary_api
Записки изъ подполья,Фёдор Михайлович Достоевский,1864,132,837,rus,politics,openlibrary_api
An autobiography,Mohandas Karamchand Gandhi,1927,420,140,kor,politics,openlibrary_api
The Handmaid's Tale,Margaret Atwood,1985,350,164,ita,politics,openlibrary_api
The Second World War,Winston S. Churchill,1948,724,203,spa,politics,openlibrary_api
Moralia,Plutarch,1500,301,211,lat,politics,openlibrary_api
The Constitution of the United States and related documents,United States,1787,51,146,kor,politics,openlibrary_api
Доктор Живаго,Boris Leonidovich Pasternak,1957,559,176,slo,politics,openlibrary_api
Roughing It,Mark Twain,1872,558,408,fre,politics,openlibrary_api
Nineteen Eighty-Four,George Orwell,1949,318,534,swe,politics,openlibrary_api
A Passage to India,E. M. Forster,1924,322,219,heb,politics,openlibrary_api
A Child's Garden of Verses,Robert Louis Stevenson,1885,116,115,lat,politics,openlibrary_api
Fahrenheit 451,Ray Bradbury,1953,190,261,srp,politics,openlibrary_api
Мы,Евгений Иванович Замятин,1924,224,210,srp,politics,openlibrary_api
Братья Карамазовы,Фёдор Михайлович Достоевский,1880,822,312,und,politics,openlibrary_api
Anthem,Ayn Rand,1936,98,103,eng,politics,openlibrary_api
Genji monogatari,Murasaki Shikibu,1900,302,121,chi,politics,openlibrary_api
Also sprach Zarathustra,Friedrich Nietzsche,1883,354,550,und,politics,openlibrary_api
The Secret Agent,Joseph Conrad,1907,272,335,eng,politics,openlibrary_api
Diary,Samuel Pepys,1825,244,166,eng,politics,openlibrary_api
Hard Times,Charles Dickens,1854,326,1028,und,politics,openlibrary_api
Nicomachean Ethics,Aristotle,1558,329,416,lat,politics,openlibrary_api
The Art of War,"孙武, Stephen F. Kaufman",1900,90,1542,ita,politics,openlibrary_api
Les Contes de ma mère l'Oye,Charles Perrault,1675,160,206,spa,politics,openlibrary_api
La Poetica,Aristotle,1479,312,498,per,politics,openlibrary_api
Brave New World,Aldous Huxley,1932,241,721,hrv,politics,openlibrary_api
Twelve years a slave,Solomon Northup,1853,233,1029,chi,politics,openlibrary_api
Much Ado About Nothing,William Shakespeare,1600,160,401,fre,politics,openlibrary_api
Life on the Mississippi,Mark Twain,1883,452,157,spa,politics,openlibrary_api
Les Misérables,Victor Hugo,1862,520,526,fin,politics,openlibrary_api
The Autobiography of Benjamin Franklin,Benjamin Franklin,1791,214,679,swe,politics,openlibrary_api
Lives,Plutarch,1564,479,323,lat,politics,openlibrary_api
Uncle Tom's Cabin,Harriet Beecher Stowe,1850,451,688,und,politics,openlibrary_api
Essais,"Montaigne, Michel de",1600,363,294,gle,politics,openlibrary_api
"Laws, etc",Great Britain.,1691,21,3456,lat,politics,openlibrary_api
Candide,Voltaire,1746,152,1079,ita,politics,openlibrary_api
NASA/DoD aerospace knowledge diffusion research project,Thomas E. Pinelli,1990,26,101,eng,politics,openlibrary_api
La casa de los espíritus,Isabel Allende,1982,453,116,rus,politics,openlibrary_api
The Tempest,William Shakespeare,1611,144,804,swe,politics,openlibrary_api
Ab urbe condita,Titus Livius,1481,253,558,lat,politics,openlibrary_api
Leviathan,Thomas Hobbes,1651,508,99,eng,politics,openlibrary_api
A Game of Thrones,George R. R. Martin,1996,801,135,pol,politics,openlibrary_api
Great Expectations,Charles Dickens,1861,482,1489,amh,politics,openlibrary_api
Die protestantische Ethik und der Geist des Kapitalismus,Max Weber,1700,292,137,chi,politics,openlibrary_api
"Laws, etc",United States,1789,233,206,fre,politics,openlibrary_api
The Grapes of Wrath,John Steinbeck,1939,544,321,swe,politics,openlibrary_api
Leaves of Grass,Walt Whitman,1855,384,755,per,politics,openlibrary_api
A Tale of Two Cities,Charles Dickens,1800,387,2059,swe,politics,openlibrary_api
Plays (36),William Shakespeare,1623,889,256,ger,politics,openlibrary_api
